"czas";"temp";"wilgotnosc";"wiatr";"chmury"
2013-01-01;2,9;67,8;2,3;5
2013-01-02;3,2;75,5;3,7;7
2013-01-03;4;90,8;4,7;7,7
2013-01-04;5,7;72,3;4,7;8
2013-01-05;2,8;79,8;4,3;8
2013-01-06;-0,5;91,3;2,3;8
2013-01-07;-2;68,3;1,7;8
2013-01-08;-3;67;2,7;6,7
2013-01-09;-3,2;89;1,7;8
2013-01-10;0,3;96,5;4,3;8
2013-01-11;-0,7;84,5;4;5,3
2013-01-12;-5,4;90,5;2,3;8
2013-01-13;-7,3;88;2,3;5,3
2013-01-14;-6,5;82,8;5;2,7
2013-01-15;-3,7;94;1,7;8
2013-01-16;-2,5;97,5;2,7;8
2013-01-17;-4,5;90,8;3;8
2013-01-18;-6,7;89,8;2;8
2013-01-19;-8,8;90,8;2,7;8
2013-01-20;-7,8;73,3;1,7;8
2013-01-21;-10;86,5;4;8
2013-01-22;-8,6;86,8;4;8
2013-01-23;-8,9;87,8;1,3;8
2013-01-24;-7,2;90,5;1,3;8
2013-01-25;-7,6;89,5;2,3;8
2013-01-26;-11,1;85;3,3;5,3
2013-01-27;-12,2;85,5;2,3;6,7
2013-01-28;-6,2;91,5;1,7;8
2013-01-29;0,8;92,5;2,3;8
2013-01-30;4,2;99,5;3,3;8
2013-01-31;4,5;80,8;6;8
2014-01-01;1,7;91;1,7;6,7
2014-01-02;0,6;96,8;2,3;6,3
2014-01-03;2,9;95,5;1;7,3
2014-01-04;4,1;91,5;2;7,3
2014-01-05;6,8;95,3;1,7;8
2014-01-06;5,2;91,5;2;8
2014-01-07;5,5;88;1,3;7
2014-01-08;5,9;91,3;2;7,3
2014-01-09;7,5;82,5;1,3;6,3
2014-01-10;6,8;77,8;4,3;8
2014-01-11;5,1;78,3;5,7;8
2014-01-12;3,1;92;4;8
2014-01-13;-0,8;66;3,3;5
2014-01-14;-0,5;74,5;3;7
2014-01-15;-0,6;98;1,3;8
2014-01-16;-2,6;97,3;3;8
2014-01-17;-0,7;98,5;2,7;8
2014-01-18;-1,7;97,8;2,3;8
2014-01-19;-5,3;91,8;6,3;8
2014-01-20;-6,2;89;5,7;8
2014-01-21;-7,7;83,5;3,3;8
2014-01-22;-9,8;84,3;1;8
2014-01-23;-13,2;85;1;7
2014-01-24;-13,6;85;2,7;8
2014-01-25;-15,6;79,8;3;4
2014-01-26;-10,2;88,5;4,3;8
2014-01-27;-7,7;86,8;5,3;7,7
2014-01-28;-7,8;79,5;4;8
2014-01-29;-9,8;82,3;6;8
2014-01-30;-11,4;74,8;4,7;8
2014-01-31;-9,6;73,3;5,7;7
2015-01-01;1,5;94,3;1,3;7,7
2015-01-02;3,8;83;4;8
2015-01-03;3;77,3;5,3;7,3
2015-01-04;2,4;73,5;4,7;7
2015-01-05;0,3;78,3;3;6
2015-01-06;-5,7;72,3;2,7;4,7
2015-01-07;-8,1;62,8;3,7;7
2015-01-08;-1,5;83,5;2,3;6
2015-01-09;3,5;81,3;4,7;8
2015-01-10;7;82,8;1,7;7,7
2015-01-11;5;66,5;4;8
2015-01-12;4;79;3,7;6,3
2015-01-13;7,4;84,5;4;8
2015-01-14;7,6;75,3;2;7,7
2015-01-15;3,5;84,8;1;7
2015-01-16;5,9;64,3;1,7;4,7
2015-01-17;4,2;80;2,7;6,3
2015-01-18;2,4;92,3;0,7;6,3
2015-01-19;-1,1;94,5;1;7,7
2015-01-20;0,2;95;3,3;8
2015-01-21;2,2;91,3;1,3;8
2015-01-22;1,5;93,3;2;8
2015-01-23;0,4;97,5;1;8
2015-01-24;-0,1;94,5;1,7;8
2015-01-25;-0,9;96,3;1,7;8
2015-01-26;-0,5;91;1;8
2015-01-27;-0,9;87;2;8
2015-01-28;0,8;91,8;2,7;8
2015-01-29;0,6;85,5;1,7;8
2015-01-30;0,9;84;3,3;8
2015-01-31;0,8;89,5;3;8
2016-01-01;-8,4;69,5;3;6,7
2016-01-02;-11,1;37,5;4,3;6,7
2016-01-03;-14,5;62,5;1,3;7,7
2016-01-04;-14,2;69,3;3;3,7
2016-01-05;-13,6;66,8;1;5,7
2016-01-06;-7,9;87,8;2;8
2016-01-07;-5,9;74;1;8
2016-01-08;-4,8;81,5;1;8
2016-01-09;-0,1;87,8;0,7;7
2016-01-10;-1,3;90,5;3;6,7
2016-01-11;1,6;93,3;0,7;8
2016-01-12;0,1;91,8;1,3;8
2016-01-13;1,5;90,5;2,3;7
2016-01-14;-0,3;87;2,3;8
2016-01-15;-0,7;91,3;1,7;6,3
2016-01-16;-4,1;81,3;1,7;6,7
2016-01-17;-4,9;81,5;3,3;7
2016-01-18;-5,5;79;1,3;8
2016-01-19;-5,1;79,8;3,3;7,3
2016-01-20;-5,7;69;2,3;8
2016-01-21;-2,7;81;1,3;6
2016-01-22;-2,3;87,8;2;8
2016-01-23;-7,1;82,3;1;7,3
2016-01-24;-2,9;93;1,3;7
2016-01-25;1,8;91,5;2,7;8
2016-01-26;3,4;92,8;2;8
2016-01-27;6,4;94;3,7;8
2016-01-28;9;92,3;5;6,7
2016-01-29;6,1;89;2,7;4,7
2016-01-30;7,6;59,5;1,7;6,3
2016-01-31;4,4;74;6;7,7
2017-01-01;1,6;91,5;4;8
2017-01-02;1,1;79,3;4,3;8
2017-01-03;-0,8;92,5;4,3;8
2017-01-04;1,2;91,8;5;7
2017-01-05;-6,1;71,8;3,3;7
2017-01-06;-13,8;73,5;2,7;8
2017-01-07;-14;83;2,3;7,3
2017-01-08;-10,7;81,8;1;6,3
2017-01-09;-9,5;86;1;6
2017-01-10;-8;82,3;2,7;8
2017-01-11;-8,2;71,8;2,7;6,3
2017-01-12;-1,3;93,5;4;8
2017-01-13;-0,1;86,3;3;8
2017-01-14;1,2;86;3;8
2017-01-15;-0,5;90,3;2;8
2017-01-16;-1;94,5;1;8
2017-01-17;-3,2;93;1,3;8
2017-01-18;-6,7;84,5;1,7;8
2017-01-19;-5,7;89,5;3;8
2017-01-20;-2,5;97;2;8
2017-01-21;0,7;97,5;2,3;8
2017-01-22;0,3;96,3;2;8
2017-01-23;-0,4;80;2,3;6
2017-01-24;-2,1;94,8;3;8
2017-01-25;0,6;89,5;1,7;7
2017-01-26;-2,9;77,8;1,3;4
2017-01-27;-3,3;81,5;1,3;6,7
2017-01-28;-2;79,8;3;6
2017-01-29;-0,9;78,3;2,7;6,7
2017-01-30;-2,4;82,5;2,7;5,7
2017-01-31;-3,2;81,3;2,7;4
2013-02-01;3,5;95,5;3,3;8
2013-02-02;2,1;97;3,3;8
2013-02-03;0,2;82;3,3;6
2013-02-04;0,3;90,5;2,7;8
2013-02-05;3,3;81;3,7;7,3
2013-02-06;1,1;83,8;1;8
2013-02-07;-1;97;1,7;8
2013-02-08;-1,2;95;2,7;8
2013-02-09;-5;87,3;1;8
2013-02-10;-2,2;93,8;0,7;8
2013-02-11;-1,8;92,8;2,7;8
2013-02-12;-2,9;83,8;3,3;6,7
2013-02-13;-0,4;83,5;4,7;8
2013-02-14;0,8;90,8;2,3;8
2013-02-15;0,8;84,5;3,3;8
2013-02-16;-0,7;86,5;2;8
2013-02-17;-3,1;83,8;1,7;8
2013-02-18;-3,2;83,3;2;8
2013-02-19;-1,3;95,5;3;8
2013-02-20;-2,2;93,3;1,7;8
2013-02-21;-3,2;91;2,3;8
2013-02-22;-3,9;87,8;2,7;7
2013-02-23;0,2;92,5;4;8
2013-02-24;1,7;84,5;6;8
2013-02-25;1,9;85,5;5,3;8
2013-02-26;2,8;86,3;3,7;7,3
2013-02-27;2,4;87;1;7,3
2013-02-28;1,3;93,3;3;8
2014-02-01;-5,9;71,5;6,3;6,7
2014-02-02;-2,6;71,3;3,3;7,7
2014-02-03;-2,1;77;2,3;5,7
2014-02-04;-3,7;70,3;1,7;5,7
2014-02-05;-2;65;2;7,3
2014-02-06;1,7;74,5;1,3;5,7
2014-02-07;1,9;86,5;2,3;7
2014-02-08;5,3;77;2,7;5,7
2014-02-09;4,2;89,5;1;5
2014-02-10;3,6;94,8;1;7,3
2014-02-11;3,9;88,3;1,3;8
2014-02-12;1,9;96;0,7;6
2014-02-13;0,4;93,8;2;7
2014-02-14;3;91,8;1,7;7,7
2014-02-15;2,9;83;2,3;6,3
2014-02-16;5;85,8;2;6,7
2014-02-17;3,8;79,3;3,3;5,7
2014-02-18;5,3;72,3;1,7;6
2014-02-19;4,3;81;2,3;8
2014-02-20;5,5;87,5;2;7,7
2014-02-21;4,9;80,3;1,3;5,7
2014-02-22;5,6;84,8;2;8
2014-02-23;2,9;78;0,7;6,3
2014-02-24;2,5;86,3;2,7;8
2014-02-25;1,7;77,8;3;4,7
2014-02-26;1,9;85,3;1,7;6,7
2014-02-27;3,8;80;1;5,3
2014-02-28;2,2;92,3;2,7;7,3
2015-02-01;1;73,8;2;5,7
2015-02-02;-0,9;80,3;1,7;4,3
2015-02-03;0,3;78,8;1;4,7
2015-02-04;-1;83,5;0,7;7
2015-02-05;-1,6;89,8;1,3;8
2015-02-06;-2,2;79;0,7;5,3
2015-02-07;-2,2;89,3;3,7;7,7
2015-02-08;-1,2;86,3;1,7;6,3
2015-02-09;-0,7;92;2,3;8
2015-02-10;2,1;95,5;1,3;8
2015-02-11;1,7;92,3;1,3;8
2015-02-12;2,4;82;2;8
2015-02-13;2,1;79,8;1,7;5
2015-02-14;2,6;77;4,3;5,7
2015-02-15;-0,6;92,8;2,7;6,7
2015-02-16;-0,8;52,5;5;4,3
2015-02-17;-2;42,5;4;3,7
2015-02-18;-0,9;81,3;3,3;6,7
2015-02-19;2,1;77,8;3,7;8
2015-02-20;4,5;64,5;1,7;4
2015-02-21;2,8;66,5;2,3;5
2015-02-22;3,5;77,8;1,7;6
2015-02-23;3,3;84,8;1,3;7,3
2015-02-24;5,6;77,5;1,3;6
2015-02-25;4,9;81,5;1,3;6
2015-02-26;5,2;88,8;1,7;8
2015-02-27;5,2;89,8;1,3;8
2015-02-28;5,6;86;2,3;6,3
2016-02-01;2,9;79;3,7;7
2016-02-02;8,5;70,3;4;6,7
2016-02-03;6,2;64,8;4,3;5,7
2016-02-04;2,6;76,8;3;7,3
2016-02-05;1,2;77,3;2,7;7,3
2016-02-06;2,8;80,8;1,7;7,3
2016-02-07;4,9;67,3;3,7;6,3
2016-02-08;6,4;74;3,3;6,7
2016-02-09;8,4;55;3;6
2016-02-10;6,2;88;2,7;8
2016-02-11;2,1;90,5;2,3;8
2016-02-12;3,8;72,8;2,3;8
2016-02-13;3,4;82;1,7;6,3
2016-02-14;5,6;79;2;7
2016-02-15;5,6;88;1,7;8
2016-02-16;4,1;78,5;2;6,3
2016-02-17;1,4;72,5;1,7;6,3
2016-02-18;6,2;81;1,7;6,3
2016-02-19;4,1;94,5;1,3;8
2016-02-20;1,6;90,3;1,7;8
2016-02-21;4,9;90;1,7;8
2016-02-22;8,7;79;2,3;8
2016-02-23;3,7;82,3;2,7;7
2016-02-24;2,4;84,5;3;8
2016-02-25;2,8;62,5;2;6
2016-02-26;0,3;85,5;1;8
2016-02-27;-0,3;90,3;2,7;8
2016-02-28;1,8;76,3;0,7;6,7
2016-02-29;0,6;82;3;8
2017-02-01;-3,5;87,3;1,7;8
2017-02-02;-1,7;97,5;1,3;8
2017-02-03;-0,7;98,8;1,3;8
2017-02-04;-2,6;97,5;3,3;8
2017-02-05;-3,9;87,5;4;7
2017-02-06;-3;83,8;3;8
2017-02-07;-6,2;82,8;4;8
2017-02-08;-9,2;71,3;4,7;8
2017-02-09;-7,6;75,3;4;8
2017-02-10;-5,2;47,3;3,3;6,7
2017-02-11;-7,2;75;4,3;6,7
2017-02-12;-6;83;4,7;7,3
2017-02-13;-6,4;77,8;1,7;6,3
2017-02-14;-4,5;84;2;5
2017-02-15;-3,1;91,5;1,3;4,7
2017-02-16;0,8;76,8;2,7;3
2017-02-17;3,1;90,3;2;8
2017-02-18;3,1;97;2,7;8
2017-02-19;3;89,5;3;8
2017-02-20;3,7;85,8;4,3;8
2017-02-21;6,4;92,5;5,3;7,7
2017-02-22;5;93;3,3;7
2017-02-23;5;81;4,7;7
2017-02-24;3,4;81;5,7;8
2017-02-25;0,6;80,5;4;7
2017-02-26;4;86,5;5,3;8
2017-02-27;8,9;67,8;2,3;4
2017-02-28;8,8;66,5;3;5,3
2013-03-01;3,2;80,5;4,3;7,3
2013-03-02;2,1;73,3;4;6,7
2013-03-03;3,1;68,3;5;6,7
2013-03-04;1;67,5;2,3;2,7
2013-03-05;4,1;49,3;3;1,7
2013-03-06;6,7;44,8;2,3;0
2013-03-07;3,6;71,8;4;5,7
2013-03-08;0,3;70;4,7;8
2013-03-09;-2,3;85,8;3,7;7
2013-03-10;-3,2;78,5;3,7;7
2013-03-11;-4,4;89,8;3,3;8
2013-03-12;-3,8;90,3;2;8
2013-03-13;-5,4;89,5;2,3;8
2013-03-14;-7,5;84;2,3;3
2013-03-15;-3,7;56,3;5,3;7,7
2013-03-16;-3,9;61,3;3,3;0
2013-03-17;-3,9;60,8;1,7;0
2013-03-18;-2,5;46,3;5,7;4
2013-03-19;-1,9;91;3,3;8
2013-03-20;-0,7;83,8;3;7,7
2013-03-21;-3;87,8;1,7;7,7
2013-03-22;-4;81;3,3;7,7
2013-03-23;-9;38,3;3,3;2
2013-03-24;-6,6;64,8;1,7;8
2013-03-25;-5,3;68,5;2,7;0
2013-03-26;-3,5;54,8;3,7;1,3
2013-03-27;-2;59,5;3,7;2,3
2013-03-28;-0,7;52;5,3;5,3
2013-03-29;-0,8;74,3;6;8
2013-03-30;0,6;84,5;3;7
2013-03-31;-0,7;89,8;2,3;8
2014-03-01;2,6;92,3;2;7,7
2014-03-02;2,9;98;3;8
2014-03-03;5,4;74;1,3;6,3
2014-03-04;3,3;77,5;5,3;7
2014-03-05;4,3;82,5;1,3;7
2014-03-06;5,2;70,8;2;7,3
2014-03-07;5;79,5;1,7;7,7
2014-03-08;6,3;76,3;0,7;7
2014-03-09;4,4;70,8;0,3;3
2014-03-10;5,4;62,8;2,7;1
2014-03-11;5,6;61,5;1;2,3
2014-03-12;4,7;64,8;0,7;1
2014-03-13;7,5;51,8;1;1
2014-03-14;8,8;52,8;2,7;2,7
2014-03-15;6,2;78;7,7;8
2014-03-16;3,3;94;4;6,3
2014-03-17;7,2;83,3;5,3;7,3
2014-03-18;8,6;86;4;7,7
2014-03-19;8;79;2;7
2014-03-20;11,3;71,8;2;5,7
2014-03-21;15,1;41,5;4;4,3
2014-03-22;14;57,8;1,7;4,3
2014-03-23;10,4;85,8;2;8
2014-03-24;9,4;84,8;1,7;8
2014-03-25;5,4;88,5;1,3;7,3
2014-03-26;5,8;82,3;0,7;5
2014-03-27;6,5;90,5;1;7,7
2014-03-28;10,5;82,3;1,3;7
2014-03-29;7,8;47,5;1,7;3,3
2014-03-30;8,4;60,8;2;2
2014-03-31;10,8;52;2;4,7
2015-03-01;3,9;81,5;4;7,3
2015-03-02;5,3;77,8;2,3;8
2015-03-03;2,5;75,5;2,3;8
2015-03-04;2;89;3,3;8
2015-03-05;1,5;83,8;1,7;8
2015-03-06;-0,3;93;1;8
2015-03-07;3,8;93,8;1,7;8
2015-03-08;8,8;60,3;1,3;5,7
2015-03-09;9,1;44;1;2,7
2015-03-10;5,6;71,3;1;7
2015-03-11;5,2;83,5;2;7,7
2015-03-12;4;82;2;5
2015-03-13;2,9;83,8;2,3;7,7
2015-03-14;3,7;88,5;3,7;8
2015-03-15;5,8;79,8;2,3;8
2015-03-16;8,3;60;3;4,7
2015-03-17;9,2;32,5;4,7;2
2015-03-18;5,4;45,5;3;3
2015-03-19;3,7;45,3;1;3,3
2015-03-20;6,1;51;1,3;3,7
2015-03-21;9,5;36,3;2,3;4,7
2015-03-22;1,9;43,3;1,7;3,3
2015-03-23;2,7;39,8;2;3,3
2015-03-24;7,8;48,3;1,7;3,7
2015-03-25;10,9;53;1,3;3,7
2015-03-26;12,5;64,3;2,3;6,3
2015-03-27;12,1;70,3;1,7;6,7
2015-03-28;6,5;80;1;6
2015-03-29;7,8;70;1,7;8
2015-03-30;8,3;69,3;4;6,7
2015-03-31;6,8;75,5;4;7,3
2016-03-01;0,7;96,5;2;8
2016-03-02;1,6;90;1,3;8
2016-03-03;4,5;77,5;2,7;8
2016-03-04;3;89,8;1,7;7
2016-03-05;3,3;86,8;3;7
2016-03-06;6,1;81;3;6,7
2016-03-07;4,8;70,5;2,3;6,7
2016-03-08;5;77,5;1,7;8
2016-03-09;4,9;64,5;2,3;8
2016-03-10;4,8;79;2,7;7,3
2016-03-11;5;94;1,7;8
2016-03-12;4,1;96;1,3;8
2016-03-13;4,2;70,3;2;7
2016-03-14;4,4;57,5;1,3;6,3
2016-03-15;2,8;80,3;2,3;8
2016-03-16;4,9;50,5;1;5,7
2016-03-17;7;59,5;2,7;4
2016-03-18;6,2;70,8;2;8
2016-03-19;1,9;57,3;2;5,3
2016-03-20;4,7;75,3;2,7;6,7
2016-03-21;5,8;71,8;3,3;6,7
2016-03-22;4,4;82;1,3;6
2016-03-23;2,4;58;1,7;1,7
2016-03-24;3,2;38,5;1,7;2,3
2016-03-25;4,4;58,5;1,7;7
2016-03-26;5,6;53;1,7;8
2016-03-27;6,5;72,3;1;7,3
2016-03-28;8,2;60,5;1,7;6,7
2016-03-29;9,4;60,8;3;7,3
2016-03-30;7,2;62;2;7
2016-03-31;9,4;66,5;2,3;5,7
2017-03-01;6,9;81,3;3,3;6,7
2017-03-02;5,2;84,8;3,7;7
2017-03-03;4,5;82,5;2,7;5,7
2017-03-04;6,7;66,5;3;6
2017-03-05;11,3;66;3,3;6,7
2017-03-06;7;94,5;3,3;8
2017-03-07;4,4;91,8;1;8
2017-03-08;2,5;85,3;1,3;7
2017-03-09;2,9;91,8;2,3;8
2017-03-10;5,1;89,3;1,7;8
2017-03-11;4,5;80;2;8
2017-03-12;4,4;82;2;8
2017-03-13;3,9;84;1,3;7,7
2017-03-14;5,3;75,3;1,7;6
2017-03-15;7,6;75;4,3;5,3
2017-03-16;6,3;67,8;3,7;6
2017-03-17;6,4;77;3,3;7
2017-03-18;5,1;87,3;2,3;7,7
2017-03-19;3,9;76,8;4;7,7
2017-03-20;5,8;91,3;2;8
2017-03-21;11,1;77,8;3,3;8
2017-03-22;6,8;84,3;2,7;8
2017-03-23;5,6;65,3;4;6
2017-03-24;7,6;71,8;3;5,3
2017-03-25;4,8;75;3,7;7
2017-03-26;5,4;70;2;6,3
2017-03-27;10,2;62,5;4;2,3
2017-03-28;10,8;72,3;2,3;3
2017-03-29;11,7;63,5;4,3;7
2017-03-30;7,5;78,3;2,3;8
2017-03-31;14,3;75,5;2,7;6,3
2013-04-01;0,2;94;3;8
2013-04-02;0,1;86,5;1,3;8
2013-04-03;-0,3;89;3,7;8
2013-04-04;0,3;98;2;8
2013-04-05;1,2;96,8;1,7;8
2013-04-06;1,2;86;1,7;8
2013-04-07;1,3;70;2;5,3
2013-04-08;2,6;61,3;2,7;2,7
2013-04-09;1,6;83;3,3;7,3
2013-04-10;3,5;87,5;2,3;6,7
2013-04-11;8;79,8;2,3;6,3
2013-04-12;11;79;1,7;7,3
2013-04-13;10,8;71,8;2,7;6,3
2013-04-14;7,5;74;2,3;7
2013-04-15;8;65;3;5,3
2013-04-16;11,8;55,8;3,3;2
2013-04-17;14,9;56,5;2;5,7
2013-04-18;16,2;53;2,7;4
2013-04-19;13,3;75,8;1,3;7,3
2013-04-20;10,5;73,5;2,7;7
2013-04-21;8,3;54,8;3;1,7
2013-04-22;11,5;37,3;3,3;2
2013-04-23;14,9;53;3;7
2013-04-24;13,4;54;4,3;5,7
2013-04-25;14,9;62;3;4,7
2013-04-26;17,9;49,3;3;6
2013-04-27;16;63;3;7,3
2013-04-28;9,3;90,3;2;7,7
2013-04-29;12,8;82,8;2,7;7,7
2013-04-30;12,9;59;1;6,7
2014-04-01;6,2;44,8;1;4,3
2014-04-02;6;43,5;2;6,3
2014-04-03;8,6;54,5;1,3;6,7
2014-04-04;6,7;63,5;1,7;6,3
2014-04-05;8,3;37,3;3,7;6,7
2014-04-06;7,1;56,8;1,3;5,7
2014-04-07;9,1;68,3;2,7;6,3
2014-04-08;14,5;53,5;2,3;7,7
2014-04-09;10;70;5;8
2014-04-10;8,2;79,5;1,7;7,7
2014-04-11;7,4;72;1,3;6,7
2014-04-12;6,9;80,3;2,3;4,7
2014-04-13;9,7;65;2;4
2014-04-14;8,5;91,3;2,7;8
2014-04-15;7,3;83,3;1,7;7,7
2014-04-16;6,5;76,3;2,7;7
2014-04-17;7,2;59,5;1;3,3
2014-04-18;10,7;64,8;1,7;7,7
2014-04-19;16,6;53,5;4;3,3
2014-04-20;14,2;86,3;2,3;7
2014-04-21;14,6;75,8;1,7;5,7
2014-04-22;15,8;74;1;4,7
2014-04-23;16,9;64,5;1;6,3
2014-04-24;15,1;59,5;1,7;5
2014-04-25;14;62,3;3;4,3
2014-04-26;14,2;89,5;3;8
2014-04-27;14,8;87,8;0,7;7,3
2014-04-28;13;89,5;1;8
2014-04-29;15,6;61,5;2;5
2014-04-30;14,8;52,8;1,3;5
2015-04-01;4,1;86;3;8
2015-04-02;2,7;73,5;2,3;8
2015-04-03;2,6;83,5;2,7;7,3
2015-04-04;2,4;84,5;2,3;8
2015-04-05;2;93;2;8
2015-04-06;3,3;82,3;1;8
2015-04-07;3,4;79,3;2,7;7,3
2015-04-08;8,7;74,8;3;8
2015-04-09;6,6;59,5;0;0
2015-04-10;10,8;43,3;1,3;0
2015-04-11;14,8;56,3;1,7;0
2015-04-12;13,4;48,3;2,3;5,7
2015-04-13;10;53,5;5,3;6
2015-04-14;6,5;50,5;2,3;5,3
2015-04-15;11,3;72;1,7;6,7
2015-04-16;11,8;41,3;3,3;0
2015-04-17;7,6;55,5;1,7;5
2015-04-18;4,7;70,3;2,7;6,7
2015-04-19;5,6;67,5;2;6,7
2015-04-20;9,1;50,3;4,3;5,3
2015-04-21;9,5;49;2,3;4
2015-04-22;11,1;46,3;2;4
2015-04-23;12,7;44,5;3;3
2015-04-24;14,1;49,8;1,7;3,7
2015-04-25;17,1;41,5;1,7;5
2015-04-26;16,2;64,5;1,7;6,3
2015-04-27;17,1;69,3;5,3;3,3
2015-04-28;17;74,3;2;5,7
2015-04-29;8,4;67;1;4,7
2015-04-30;10,1;48,3;2,7;5,7
2016-04-01;6;77,8;2,7;7,3
2016-04-02;6,3;60,8;1;6,3
2016-04-03;10,4;42,5;2;6,3
2016-04-04;15,6;31,3;2,3;5
2016-04-05;16,9;43;1,3;6,3
2016-04-06;15,8;67;2;7,3
2016-04-07;14,1;54,8;1,7;7
2016-04-08;11,7;63;1,3;7,7
2016-04-09;9,5;60,5;3;6
2016-04-10;18;48;1,7;3,3
2016-04-11;19,2;66;1;6,3
2016-04-12;17,9;52;1,7;3,7
2016-04-13;17,4;68,3;2;6,7
2016-04-14;14,5;86;1,7;5,3
2016-04-15;13,2;44,5;2,3;5,7
2016-04-16;12,3;72,3;2;5,7
2016-04-17;14,4;82,8;1,7;6,7
2016-04-18;13;48;2,3;6,7
2016-04-19;10,6;51,5;3,3;8
2016-04-20;8,9;53;3,3;7,3
2016-04-21;8,2;35,8;2,7;5,3
2016-04-22;10,6;39;3;6,3
2016-04-23;9,9;38,3;1,7;6
2016-04-24;7,8;53,8;2,7;6,3
2016-04-25;6,7;61,3;0,7;6,7
2016-04-26;8,2;43;1;5
2016-04-27;7,8;81;1;8
2016-04-28;8,8;53;2;4,7
2016-04-29;10,6;46,8;1,7;4,3
2016-04-30;8,1;74,5;2;7,7
2017-04-01;16,2;66,3;2,7;4
2017-04-02;15,8;61,8;2,3;1
2017-04-03;12,2;76;2,3;3,7
2017-04-04;12,3;71,5;2,7;1,3
2017-04-05;11,8;71;3;2,7
2017-04-06;7,4;75,3;4,7;5,3
2017-04-07;5,9;81,8;2,7;7,7
2017-04-08;9,5;68;2,7;5,3
2017-04-09;8,7;85,8;1,3;7,7
2017-04-10;13,9;64,3;3;2
2017-04-11;9,7;62,8;4,7;3,3
2017-04-12;6,4;85,3;4;8
2017-04-13;7,7;88,8;4;6,7
2017-04-14;6,9;81,8;4,7;5,7
2017-04-15;8,4;83;3;7,7
2017-04-16;5,3;76,5;4;6
2017-04-17;3,4;64;2,3;6,7
2017-04-18;3,6;65,3;4;7,3
2017-04-19;3,9;62,3;3,7;7
2017-04-20;4,2;59,8;2,3;4,3
2017-04-21;5,6;64,8;4,3;7,7
2017-04-22;6,8;62,8;4,7;6
2017-04-23;5,3;71,3;4,3;6
2017-04-24;6,3;64,5;3,3;5
2017-04-25;12;54,8;3;7
2017-04-26;7,2;89,8;2;8
2017-04-27;5,7;85,8;0,7;7,7
2017-04-28;5;96,8;3,3;8
2017-04-29;7,4;78;2,3;7
2017-04-30;6,8;73,8;2,7;4,7
2013-05-01;11,5;79,8;2,3;7
2013-05-02;10,7;86,3;3;8
2013-05-03;12;96,5;2,3;7
2013-05-04;13,1;83,8;2;6,3
2013-05-05;16,6;59;2,7;3,7
2013-05-06;16,6;46,8;3;3,7
2013-05-07;19,7;53,8;4,3;7
2013-05-08;22,4;43,8;4;2
2013-05-09;21,9;48,5;3;4
2013-05-10;22,3;51,3;1,7;5,7
2013-05-11;17,6;90,8;2;8
2013-05-12;12,5;90,3;2,3;7,7
2013-05-13;14,2;65;2,7;7
2013-05-14;15,3;58,3;2,3;3,7
2013-05-15;16,3;56,8;2,7;4,7
2013-05-16;19,5;57,3;3;5,3
2013-05-17;21,8;50,3;4,7;0
2013-05-18;20,9;49,8;4,3;4,7
2013-05-19;19;59;3,3;4
2013-05-20;19,4;64,5;2,3;4,7
2013-05-21;16,9;57;3,3;4
2013-05-22;15,2;69,3;1,7;5
2013-05-23;10,4;83,5;1,7;8
2013-05-24;9,8;89,5;2,3;7,7
2013-05-25;10,8;89;3,7;8
2013-05-26;12,2;67,8;2,7;4,3
2013-05-27;11,8;92,5;1,7;7,3
2013-05-28;11,4;95,3;5,3;8
2013-05-29;16,1;71,8;4,3;6
2013-05-30;19,1;72,3;3,3;5
2013-05-31;18,1;75;3;7,7
2014-05-01;14;61;3,7;4
2014-05-02;7,6;75,5;1,7;6,3
2014-05-03;6;91,3;2,3;8
2014-05-04;7,2;74,5;1,3;6
2014-05-05;6,8;58;1;3,7
2014-05-06;10,6;55;1,3;4,7
2014-05-07;15,1;57;3,7;6,7
2014-05-08;15,5;72,3;1,3;7
2014-05-09;15,3;69,8;2,7;6
2014-05-10;12,5;75,8;2;8
2014-05-11;14,1;64,5;2,3;7
2014-05-12;11,8;80,8;3,3;7,3
2014-05-13;12,4;71,5;1,3;6
2014-05-14;12,7;60;2;6,3
2014-05-15;13,6;69,8;4,7;7,3
2014-05-16;11,4;96;4,3;8
2014-05-17;13,7;94;2;8
2014-05-18;15,4;81,5;2,7;4,7
2014-05-19;17,6;60,3;1,3;6,3
2014-05-20;18,8;58;1;5
2014-05-21;20,6;56,8;1,7;4,3
2014-05-22;22;54;1,3;3,7
2014-05-23;23,6;49,5;3,7;3,7
2014-05-24;24,1;45;4,3;3,7
2014-05-25;20,4;73,8;2,3;5,7
2014-05-26;20,2;73,8;0,7;6
2014-05-27;19,8;86,5;2,3;6,3
2014-05-28;15,4;95;1;7,7
2014-05-29;9,8;83,5;0,7;7,7
2014-05-30;11,6;79,3;1,3;7,7
2014-05-31;15,4;65;2;4
2015-05-01;11,5;57,3;1,7;7
2015-05-02;10,6;37,3;2;4
2015-05-03;10,6;50,5;0,7;5
2015-05-04;13,1;62,3;1,3;8
2015-05-05;17,1;64,3;2,7;5
2015-05-06;17,1;88,8;0,7;8
2015-05-07;16,4;67,8;2;5,7
2015-05-08;12,9;55;1,3;5
2015-05-09;15,1;49;2;5
2015-05-10;13,4;77,8;1,7;8
2015-05-11;11,8;68,3;1,3;5,3
2015-05-12;15,4;46;2,3;5
2015-05-13;14,5;50,3;2,7;4,7
2015-05-14;12,4;74;1,7;7,3
2015-05-15;12,9;55;2,3;5,7
2015-05-16;11,6;42,5;1,7;6
2015-05-17;12,6;62,8;3,3;7,3
2015-05-18;12,6;51,8;3,7;5,7
2015-05-19;16,8;79,5;3,3;6
2015-05-20;16;80,3;1,3;6,7
2015-05-21;14,1;80,8;1,3;7,3
2015-05-22;14,5;59,8;1,3;6
2015-05-23;13,5;80;1;8
2015-05-24;15,4;63,8;1;6,7
2015-05-25;15,2;73,8;1,3;6,3
2015-05-26;14,9;88,5;1,7;8
2015-05-27;11,5;69,3;1,3;7
2015-05-28;12,3;60,5;1,7;5
2015-05-29;15,6;47,3;1,3;6,3
2015-05-30;16,3;59;1;2,7
2015-05-31;15;47;1,7;3,7
2016-05-01;11,4;70,3;1,3;6
2016-05-02;14,1;66,5;1,3;6,7
2016-05-03;13,4;78;1;7,7
2016-05-04;15,3;60,8;1,3;4,3
2016-05-05;15,5;46;1,3;4,7
2016-05-06;15,5;47,5;1;4,7
2016-05-07;14,7;54,3;2;5,7
2016-05-08;15,4;62,8;1;6,3
2016-05-09;17,6;53,8;1,3;5,3
2016-05-10;17,8;46,5;2;3
2016-05-11;18,7;67,3;1,3;6
2016-05-12;18,2;52;1,7;2,3
2016-05-13;17,3;68,3;2;6,7
2016-05-14;14,6;85,5;1,7;7,3
2016-05-15;11,5;56,5;3;6,3
2016-05-16;9,2;66;1;6,3
2016-05-17;8,6;76,8;2;8
2016-05-18;11,4;62,5;1,7;6,3
2016-05-19;13,8;41,5;1;5,3
2016-05-20;16,8;34,8;1,3;3,3
2016-05-21;17,6;56,5;2;7
2016-05-22;18,6;55,8;1,3;6,3
2016-05-23;22,2;42,3;2,3;5,3
2016-05-24;20,8;37,8;2,7;4
2016-05-25;18,7;45,8;1,7;5,7
2016-05-26;17,5;71,8;1,7;6,7
2016-05-27;18,9;52,8;1,7;7
2016-05-28;21;61,3;1,7;7
2016-05-29;21,4;58,3;2,7;6,7
2016-05-30;23,4;54,8;3,7;4,3
2016-05-31;20,3;78;2;7,3
2017-05-01;8,7;62,3;3,7;1,7
2017-05-02;7,8;69,5;4,7;3
2017-05-03;8,4;91,5;2,7;8
2017-05-04;12,8;92,3;3,3;7,7
2017-05-05;15,5;80,8;1;6
2017-05-06;16,2;76,8;1,7;5,7
2017-05-07;12,5;94;2,7;8
2017-05-08;7,7;86;2;8
2017-05-09;4,9;64;3;5,3
2017-05-10;5,3;59,8;2,7;7
2017-05-11;8,4;87,8;2,7;5,7
2017-05-12;12,2;73,3;3,7;0,7
2017-05-13;14,9;67,3;3;1,3
2017-05-14;16,1;62,5;1,3;2,3
2017-05-15;16,4;59,5;1,7;5,3
2017-05-16;16;62,5;2,3;0,7
2017-05-17;15,9;47,8;1,7;1,7
2017-05-18;18,8;42,3;3,3;2,7
2017-05-19;19,9;42;3,7;1
2017-05-20;20,4;44;2;1,3
2017-05-21;17,9;71;3,3;5
2017-05-22;16,8;62,3;1;6
2017-05-23;18,1;50,3;1,7;4
2017-05-24;15;74,3;2;7,7
2017-05-25;15,4;64,5;2;2,7
2017-05-26;16;73,8;2,3;4,3
2017-05-27;16,2;68,5;1,3;1
2017-05-28;20,1;48,5;1,7;1,3
2017-05-29;22,6;54,5;3;3,3
2017-05-30;19,5;67,3;1,3;3,3
2017-05-31;20,4;65;3,3;5,7
2013-06-01;18,1;85;3;8
2013-06-02;16,3;75,3;1;6,7
2013-06-03;18,3;76,3;2,7;6,7
2013-06-04;18;82,3;2,3;6
2013-06-05;15,4;91,5;1,3;8
2013-06-06;17,4;84;0,7;7,3
2013-06-07;18,7;80,3;1;8
2013-06-08;20,1;78,8;0;5,7
2013-06-09;19,8;82,3;2,3;6
2013-06-10;17,3;93;1,7;8
2013-06-11;15,9;74,8;1,7;8
2013-06-12;17,1;54,3;1,3;3
2013-06-13;18,9;41;1,7;2
2013-06-14;20,6;59,8;3,7;5
2013-06-15;18,9;61,5;2,3;5
2013-06-16;21,5;61,3;2,7;3,7
2013-06-17;19,3;54,8;1,7;5,7
2013-06-18;19,1;78,5;2,3;6,7
2013-06-19;21,8;58;3;2,7
2013-06-20;23,8;44,5;3,7;3
2013-06-21;24,5;67,3;2,3;2,7
2013-06-22;23,2;63,3;1,7;2
2013-06-23;20,3;80,8;2,7;8
2013-06-24;21;78;1,3;5
2013-06-25;21,9;83,3;3,7;6
2013-06-26;15,8;84,5;3,3;8
2013-06-27;14;71;2,3;8
2013-06-28;15,6;69,3;1,7;7,3
2013-06-29;17,6;58,3;2,3;5
2013-06-30;16,6;74,3;2,3;8
2014-06-01;14,9;63,3;3;5,3
2014-06-02;13,2;86,8;1;8
2014-06-03;13,9;81,8;1;8
2014-06-04;14,2;93;1,7;7,3
2014-06-05;18,6;64,3;1,3;5,7
2014-06-06;17,3;88,3;1;7,3
2014-06-07;18;69,5;1;6
2014-06-08;22;54,3;2,3;5,3
2014-06-09;23,3;63,3;1,3;4,7
2014-06-10;21,9;70,5;2;5
2014-06-11;20,3;60,8;1,7;3,7
2014-06-12;19,9;66;1;4,7
2014-06-13;16,2;71,5;1,3;6
2014-06-14;13,4;84,5;2;7
2014-06-15;13,5;84,8;1,3;6
2014-06-16;15,5;64,5;1,7;5,3
2014-06-17;13,8;52,5;1,7;5,3
2014-06-18;16,7;47,5;1,7;4,7
2014-06-19;18,2;48,3;4,7;5,3
2014-06-20;16,1;69;2,3;7
2014-06-21;14,1;73,8;2,7;6,3
2014-06-22;14,4;74;4,3;7,3
2014-06-23;14,9;57;1,7;6
2014-06-24;13,4;66;1,7;6,3
2014-06-25;14,4;61,3;2;6,3
2014-06-26;14,4;76,8;2,7;7,7
2014-06-27;14,7;55,5;1,3;6,3
2014-06-28;17,8;59,8;3,3;5,7
2014-06-29;20,1;79,8;3,7;7
2014-06-30;17,9;95;1,3;8
2015-06-01;18,7;44,8;2,3;3,7
2015-06-02;22,7;49,3;3,7;4,3
2015-06-03;24,6;42,8;2;4,7
2015-06-04;18,8;43,3;1;3,7
2015-06-05;18,6;48,3;2;2
2015-06-06;20,9;35,3;1,7;3
2015-06-07;23,2;46,5;1,3;3,7
2015-06-08;18,9;44;1;5
2015-06-09;15,1;60;3,3;6,7
2015-06-10;17,6;52;1;6,3
2015-06-11;18,7;43,5;1,3;3,7
2015-06-12;20,9;34,8;2;2,7
2015-06-13;22,2;62;1,3;1,3
2015-06-14;23,3;55,3;1,7;5,3
2015-06-15;19,7;69,8;1,7;5,7
2015-06-16;14,4;54,8;2;5,7
2015-06-17;15,4;49,3;1;5,3
2015-06-18;16,2;50,5;2;5
2015-06-19;15,4;66,8;1,3;7,7
2015-06-20;14,4;63;0,7;6,7
2015-06-21;16,1;60;2;5
2015-06-22;16,7;55,8;1,7;5
2015-06-23;16,1;77,3;1,7;8
2015-06-24;15,9;57,5;2,3;4,7
2015-06-25;16,9;51,5;1,7;4,3
2015-06-26;18;57,5;2;5,3
2015-06-27;18,3;55;2;6,7
2015-06-28;20,2;62,5;1,3;7,7
2015-06-29;19,5;76,8;1,3;7,7
2015-06-30;19,5;54,3;0,7;5
2016-06-01;20,6;66,8;2,7;6,3
2016-06-02;21,8;54,5;3,7;5
2016-06-03;19,7;46,3;1,7;5,3
2016-06-04;20,1;54,8;1,3;6,3
2016-06-05;17,6;53;2;6
2016-06-06;14,7;45,8;1,7;4,3
2016-06-07;15,9;49,8;1;5
2016-06-08;19,9;27,8;2,7;4,7
2016-06-09;17,1;65;1,7;8
2016-06-10;17;41;2,7;7
2016-06-11;14,3;50,5;2;7
2016-06-12;14,8;47,8;1,7;6,3
2016-06-13;18,3;39,5;3,7;5
2016-06-14;18,8;39,8;2,3;6
2016-06-15;18,9;77,3;1;6,7
2016-06-16;21,7;48,5;3;5,7
2016-06-17;22,3;68;2,3;8
2016-06-18;20,1;54,8;2,7;6,7
2016-06-19;21;51,3;1,3;6
2016-06-20;18,6;86,5;1;7
2016-06-21;19,2;66,3;1;7
2016-06-22;21,5;49;1;4,3
2016-06-23;21,5;56,3;1;5
2016-06-24;24,3;47,3;2,3;4,7
2016-06-25;27,9;60;3,7;4,3
2016-06-26;28,1;65;1,3;5,3
2016-06-27;22,6;57,5;1,3;5,3
2016-06-28;20,1;61,3;0,7;5,7
2016-06-29;24,2;40;1,3;5,3
2016-06-30;23,9;41,8;1;5,3
2017-06-01;15,6;61,5;3;6
2017-06-02;16,2;54;3;1,7
2017-06-03;14,2;40,3;2,7;2
2017-06-04;19,6;57,3;2,3;4,7
2017-06-05;17,7;63,5;2;3,7
2017-06-06;19,8;54,5;4,7;6
2017-06-07;17,2;66,8;3;3,3
2017-06-08;18,2;56,8;2,3;1,3
2017-06-09;19,8;48;1,7;4
2017-06-10;21,2;51,3;2,3;3,7
2017-06-11;19,5;62,5;2;2,3
2017-06-12;20,2;64,5;2,3;7,7
2017-06-13;16,8;64;4;6,3
2017-06-14;16,3;70,3;2,7;6,3
2017-06-15;17,8;61,5;2,3;1
2017-06-16;18,7;67;3;6
2017-06-17;16,7;72,5;1,7;6,7
2017-06-18;18,9;65;2,3;2
2017-06-19;22,7;64,8;2,7;2,7
2017-06-20;23,7;63;3;2,3
2017-06-21;17,3;58,3;3;1,7
2017-06-22;18,7;56,8;3;6
2017-06-23;19,4;89;2,7;7,7
2017-06-24;19,1;75,3;4;7,3
2017-06-25;22,2;61,5;3;4,7
2017-06-26;19,4;78;3,7;4,7
2017-06-27;18,9;54;1,3;3,7
2017-06-28;20,9;90,5;3;5,7
2017-06-29;22,4;87,8;2,7;3,7
2017-06-30;18,9;70,3;5,3;4,3
2013-07-01;15,7;66,5;2,7;4
2013-07-02;20,9;53,5;2;4
2013-07-03;22;46,5;2,3;3,3
2013-07-04;23,3;47,5;3;5
2013-07-05;23,5;52,3;1,7;5,7
2013-07-06;20,9;44;2,7;3
2013-07-07;18,4;65,8;2,3;6,3
2013-07-08;20,5;50,3;2;1,3
2013-07-09;20;68;2;6,3
2013-07-10;21,4;52,8;3;4
2013-07-11;18,1;68,5;2;7
2013-07-12;17,5;83,3;2;7,3
2013-07-13;17,2;80;2;6,7
2013-07-14;18,7;70;3,3;7
2013-07-15;17,9;69,5;2,7;7
2013-07-16;17,5;72,5;3;7
2013-07-17;19,4;67,8;2;4,7
2013-07-18;21,5;60,8;2,3;3,3
2013-07-19;20,9;64,3;3,3;5,7
2013-07-20;17,3;59,5;2,3;7,7
2013-07-21;20,7;54,5;2,7;4
2013-07-22;18,6;51,5;2,3;4,7
2013-07-23;17;70,8;3,3;6,7
2013-07-24;17,1;84;2,3;7,7
2013-07-25;19,7;78,8;1,3;7
2013-07-26;20,8;73,5;1,3;3
2013-07-27;23;64;1,7;7,3
2013-07-28;25,6;60,8;1,7;7,3
2013-07-29;28,7;57,3;3;6
2013-07-30;23,3;74,3;3,7;7
2013-07-31;21,1;64,3;3;4,3
2014-07-01;16,6;73,3;3;6,7
2014-07-02;17,8;57;2;5
2014-07-03;18,7;58;1,3;4,7
2014-07-04;21,1;49,5;1,3;5
2014-07-05;22,2;52;3,3;6
2014-07-06;22,5;69,3;1;5
2014-07-07;24,2;64,5;2,7;6,3
2014-07-08;25,4;57,3;3,3;5
2014-07-09;23,5;60,3;3;6
2014-07-10;20,3;75,3;3;5,7
2014-07-11;18;79,3;3,3;6,7
2014-07-12;15,6;97,8;1,3;8
2014-07-13;18,2;71,8;1,7;6
2014-07-14;22,2;55,5;2,3;5,7
2014-07-15;23,1;59,3;2,3;5
2014-07-16;22,2;73,3;1,3;6
2014-07-17;22,3;61,3;1;5
2014-07-18;23,1;69;1,3;6,3
2014-07-19;22,1;53,3;1,7;4,7
2014-07-20;19,7;87,3;2,3;7,7
2014-07-21;21,3;69;2;3
2014-07-22;21,4;61,8;3;3,7
2014-07-23;18,7;82,8;1,3;6
2014-07-24;20,1;81,3;2,7;7,3
2014-07-25;19,6;91;2;7
2014-07-26;23,4;75,8;2,3;7
2014-07-27;26,1;61,8;2;6,7
2014-07-28;24,7;62;3;4
2014-07-29;24,5;65,5;1,7;5,3
2014-07-30;23,5;70,3;2,7;5,7
2014-07-31;24,7;70,3;1,7;4,7
2015-07-01;20;48,3;1,7;5,3
2015-07-02;22,4;52,3;0,7;3,7
2015-07-03;23;36,8;1,3;4,3
2015-07-04;24,9;41,8;1;5
2015-07-05;27,8;38;1;4,7
2015-07-06;29;43,5;1,7;4,7
2015-07-07;24,9;29,8;2;2,7
2015-07-08;21,6;80;1;6
2015-07-09;18,3;55,5;3;5,3
2015-07-10;13,5;62,5;3;7,3
2015-07-11;15,6;60,5;2;7,3
2015-07-12;17,8;62,8;1,3;6,3
2015-07-13;18,4;82;1,3;7,7
2015-07-14;18,7;74;2,7;6,3
2015-07-15;18,8;67,8;2,3;6
2015-07-16;19,4;71,8;2,3;4,7
2015-07-17;21,8;56;1,7;3,7
2015-07-18;24,1;42,5;2;4,3
2015-07-19;22,8;72;2,7;8
2015-07-20;21,1;64,5;3,3;5,7
2015-07-21;18,8;65,3;1;5,3
2015-07-22;23,3;66;1,3;4
2015-07-23;23,6;65,3;1,7;6
2015-07-24;21,8;56,5;1,3;5
2015-07-25;23,2;61;3;7
2015-07-26;17,4;61,8;2,3;8
2015-07-27;17,1;62,8;2,7;7
2015-07-28;18;79;3;7
2015-07-29;18,9;57;2,3;6,3
2015-07-30;16,5;59;3,7;4,3
2015-07-31;15,8;57,8;2,7;5,7
2016-07-01;22,9;69,3;2;4,7
2016-07-02;25,3;59,8;1,7;6,3
2016-07-03;18,4;89,8;2,7;8
2016-07-04;17,4;54,5;2,3;4,3
2016-07-05;20,1;41,5;1,3;5
2016-07-06;15,6;69,5;3,7;6,7
2016-07-07;15,7;74,5;3;7
2016-07-08;19,9;47;3,3;6
2016-07-09;19,2;70,3;1,3;8
2016-07-10;25,3;48;2,7;4,3
2016-07-11;25,2;51,3;3;5,3
2016-07-12;23,8;74,3;1,7;8
2016-07-13;20,6;87,3;1,3;7,7
2016-07-14;19,1;85,8;3,7;8
2016-07-15;16,9;71;4;7
2016-07-16;17,3;75,8;1,3;7,3
2016-07-17;18,2;78,5;1;7,7
2016-07-18;18;68,3;2;6,3
2016-07-19;18,8;65,3;1,7;6,3
2016-07-20;18,6;61,8;1,7;6,3
2016-07-21;20,6;43,5;2;4,7
2016-07-22;18,9;69,5;1;5,7
2016-07-23;20,5;84,8;1;6,3
2016-07-24;22;67;1,7;6,3
2016-07-25;24,3;64,3;1;7
2016-07-26;24,8;64,3;1;7,3
2016-07-27;23,6;70,5;1,3;6,3
2016-07-28;22,4;69,8;1;5,7
2016-07-29;21,4;79,8;1;7,3
2016-07-30;21,8;69,8;1,7;7
2016-07-31;22,7;65,3;1,7;7
2017-07-01;19,3;60,5;4,3;4,7
2017-07-02;17,5;80;3,3;6,3
2017-07-03;17,9;62,8;3,3;3
2017-07-04;15,9;69,3;3,3;7
2017-07-05;14,8;79,3;1,3;7,7
2017-07-06;15,8;64,5;1,7;2,3
2017-07-07;18,1;52,5;1,3;5
2017-07-08;19,1;69,3;1,7;5
2017-07-09;19,3;71;2,3;3,7
2017-07-10;22,2;62,8;3;4
2017-07-11;21,5;85,3;3;6,7
2017-07-12;21,1;69;1,7;5
2017-07-13;17,7;83;2,3;5
2017-07-14;16,3;68;2,3;4
2017-07-15;16,8;72;2;5,3
2017-07-16;17,7;66;1,7;3,7
2017-07-17;18,2;82;3;5
2017-07-18;17,5;64,8;1,7;4,3
2017-07-19;20,5;57,8;1,3;2,7
2017-07-20;21,1;76,8;1;4,3
2017-07-21;20,5;87,8;1,7;6
2017-07-22;20,6;81,5;1,7;4,7
2017-07-23;20,4;86,8;1,3;6,7
2017-07-24;21,3;71,8;2;4
2017-07-25;18,9;91;2,7;7,3
2017-07-26;17,7;75;2,3;4,3
2017-07-27;19,9;63,8;2,7;3
2017-07-28;18,5;78,5;2,3;5,3
2017-07-29;18,2;75,5;2,7;3
2017-07-30;23,9;53,5;2;0,3
2017-07-31;25,8;60;2;2
2013-08-01;20,4;64,3;2;6
2013-08-02;22,6;66,8;1;7,7
2013-08-03;20,9;55,8;1;1
2013-08-04;22,8;68;1,3;6,7
2013-08-05;24,6;62;1,7;7,3
2013-08-06;25,8;54;1,3;3,7
2013-08-07;27,8;42,5;2,7;2,7
2013-08-08;29,4;46;2,3;1,7
2013-08-09;25;65,3;1,7;5,3
2013-08-10;19,4;91,5;2,7;8
2013-08-11;18,1;69,3;2,3;5,7
2013-08-12;18,7;62,5;1;5,3
2013-08-13;17,2;80,3;2,3;7,7
2013-08-14;18,1;52,3;3;4,7
2013-08-15;16,5;64,3;1,3;4,7
2013-08-16;18;54,8;1;5,7
2013-08-17;19,4;51;2,7;6
2013-08-18;21,9;50,3;1;4,7
2013-08-19;21,6;73,5;0,3;5
2013-08-20;19,4;84,5;1,7;8
2013-08-21;15,4;97,5;1,3;8
2013-08-22;16,5;82;1;6,7
2013-08-23;16,6;83,5;0,7;3
2013-08-24;15,9;74;1;5
2013-08-25;13,6;75;1,3;6,7
2013-08-26;14,4;70,3;2;5
2013-08-27;16,6;68,5;2;4
2013-08-28;16;79,5;1,3;6
2013-08-29;17;67,8;1;4
2013-08-30;17,2;66,5;2;3
2013-08-31;18,1;63,5;2;5
2014-08-01;21,5;87,5;2,3;7,7
2014-08-02;24,8;67,5;1,7;7
2014-08-03;25,2;48,5;1,3;7,3
2014-08-04;25,6;48,3;3;5,3
2014-08-05;22,1;74,5;2;5
2014-08-06;21,4;73;0;8
2014-08-07;21,1;80,3;1,7;7
2014-08-08;20,3;88,8;0;8
2014-08-09;20,9;74;0,7;5,7
2014-08-10;22,5;72,3;1,3;5,3
2014-08-11;23,4;70,3;1,3;6,3
2014-08-12;19,1;67,8;1;4,7
2014-08-13;20,2;63,5;3;6
2014-08-14;19,6;77,5;4,3;7,7
2014-08-15;20;60,8;1,7;5,7
2014-08-16;16,8;76,8;1,7;6,7
2014-08-17;15,7;74,3;2,3;7,7
2014-08-18;19,7;53,5;2,3;6
2014-08-19;18;57,5;2;6,3
2014-08-20;16,6;62,8;3,7;6,7
2014-08-21;13,3;77;1;7
2014-08-22;16;57,5;2;4,3
2014-08-23;17,4;64,3;1;6,3
2014-08-24;14;86,5;1;8
2014-08-25;13,2;71;2,7;4,3
2014-08-26;13,1;85;1;8
2014-08-27;13,1;81,8;2,3;6,3
2014-08-28;14,1;80,8;2,3;6,7
2014-08-29;17,5;57,5;1,3;7
2014-08-30;18,1;74;1,7;6,7
2014-08-31;19,4;70,8;0,3;6,3
2015-08-01;15,8;58,5;1,3;6,3
2015-08-02;21,1;45,8;1,7;4,3
2015-08-03;23,6;48,3;0,7;3
2015-08-04;25,2;47;1,3;3
2015-08-05;29,3;40;1,3;3,7
2015-08-06;27,5;57;1;3,7
2015-08-07;28,8;50,5;1,3;4
2015-08-08;29,6;41;1;1,3
2015-08-09;30,4;48;1,3;3,7
2015-08-10;26,4;55,3;1,3;4
2015-08-11;26,5;42,8;1;3
2015-08-12;27,1;47;1;3,3
2015-08-13;25,1;52,3;1,3;3,7
2015-08-14;23,9;46,8;2;3,7
2015-08-15;25,4;39;2;4
2015-08-16;26,3;33;2;4
2015-08-17;23;35,8;3,3;3,7
2015-08-18;21,4;41,8;1,7;4
2015-08-19;17,9;40,5;1,7;3,7
2015-08-20;17,6;42,8;3;3,7
2015-08-21;18,8;35;2;4,7
2015-08-22;19;51,5;0,7;3,7
2015-08-23;20,5;49,5;1;4
2015-08-24;23,1;41,3;2;4
2015-08-25;22,2;62,8;2;5,7
2015-08-26;18,3;66,8;1,3;5
2015-08-27;21,3;57;2;4
2015-08-28;24;58,8;2;6
2015-08-29;18,8;66;0,7;5,3
2015-08-30;22,2;60,3;1,7;5
2015-08-31;25,8;61,3;1;4,7
2016-08-01;19,7;81;2,3;7,3
2016-08-02;19,2;59,3;1,7;3,7
2016-08-03;18,7;69;1,7;7,3
2016-08-04;21,2;80;1,3;7,3
2016-08-05;25,5;62,5;2;5
2016-08-06;19,9;85,5;2;8
2016-08-07;17,9;68,5;3;7
2016-08-08;21,7;48,8;2,3;6,7
2016-08-09;19,3;75,5;1,7;8
2016-08-10;14,5;92,5;2;8
2016-08-11;14,8;68,8;2,7;6,7
2016-08-12;15,5;51,8;2;5
2016-08-13;18,3;73,8;2,3;8
2016-08-14;18,7;78;3,7;6,7
2016-08-15;17,3;70,5;2;7,3
2016-08-16;16,3;67,8;2,3;7
2016-08-17;16,2;69;2;7,7
2016-08-18;18;58,5;2,7;7,3
2016-08-19;20,5;57,8;2,3;7,3
2016-08-20;22,9;50,8;2,3;6,3
2016-08-21;21,7;68,5;1;7,7
2016-08-22;18,3;89,8;1,3;8
2016-08-23;19,7;66;1,3;6,3
2016-08-24;19,1;74,3;1;6
2016-08-25;20;52,8;1,3;6,3
2016-08-26;22,3;41,5;2;5,3
2016-08-27;23,4;54,5;2;2,7
2016-08-28;22,8;68,3;1,7;3
2016-08-29;24,4;52,5;2,3;6,3
2016-08-30;18,9;59,3;2;6
2016-08-31;18,4;56,3;1,7;4,3
2017-08-01;27,3;56,3;3;1,3
2017-08-02;26;67;2,7;4,7
2017-08-03;24,7;72,3;2,3;7
2017-08-04;24,1;69;2,7;6,7
2017-08-05;21,9;59,8;2;3,7
2017-08-06;19,8;73,3;2,7;5,7
2017-08-07;18,2;67;1;5
2017-08-08;19;57,8;3,7;1
2017-08-09;22,7;62,3;3;2
2017-08-10;23,5;80,8;3,7;3,7
2017-08-11;26,3;73,3;3;1,3
2017-08-12;21,8;81,3;2,7;6
2017-08-13;17,4;76;2;5
2017-08-14;17,1;65,3;1,3;1
2017-08-15;18;62;2,7;0,7
2017-08-16;20,9;54,3;2,7;0,7
2017-08-17;19,5;85,5;0,7;5
2017-08-18;23,1;64;2;5,3
2017-08-19;20,7;84;2;5,7
2017-08-20;16,3;97,3;0,7;8
2017-08-21;14,5;89,8;2,3;3,3
2017-08-22;14,4;89;3,3;6,7
2017-08-23;14,1;90;3;6
2017-08-24;15,1;79,5;2;1,3
2017-08-25;17,5;78,5;3;5
2017-08-26;17,9;71,8;1;2,7
2017-08-27;19,3;82,5;2,7;5,3
2017-08-28;16,1;83;1,7;3,3
2017-08-29;14,8;76;1;2
2017-08-30;18,1;63,3;2,7;0
2017-08-31;20,6;62,8;2,3;0,3
2013-09-01;16,3;78;3;7,7
2013-09-02;13;81;5;7
2013-09-03;14,5;80;4;5,3
2013-09-04;13,8;78,5;2;4
2013-09-05;15,1;75,8;1,7;6
2013-09-06;14,4;71,3;1,3;4,3
2013-09-07;14;70,3;1,7;3
2013-09-08;16,2;50,8;2,3;4
2013-09-09;18;59,8;3,3;6
2013-09-10;14;78;2,3;6,3
2013-09-11;13;86,8;2,3;7,7
2013-09-12;12,2;96,3;1;8
2013-09-13;10,5;98,3;2;8
2013-09-14;11,7;93;0,3;8
2013-09-15;14;87,3;1,3;8
2013-09-16;14,8;92,8;1;8
2013-09-17;13,1;96;1;8
2013-09-18;10,9;93;1;7
2013-09-19;10,9;94;2;8
2013-09-20;11,4;81;2;5,3
2013-09-21;12,2;83,8;2;4,3
2013-09-22;12,3;85,3;2,3;7,7
2013-09-23;14;79;2,3;6,7
2013-09-24;11;74,8;2,7;4
2013-09-25;8,8;82,5;2,3;6,3
2013-09-26;7,8;97;1;8
2013-09-27;7,3;77,5;2;4
2013-09-28;7,3;90,5;1,7;7
2013-09-29;8,2;84,3;1;8
2013-09-30;6,7;86,3;2;4
2014-09-01;15,9;84,8;2,7;5,7
2014-09-02;15,4;70;1,3;7
2014-09-03;16;74;3,3;5,7
2014-09-04;15,8;66;2,3;3,3
2014-09-05;15,9;57,3;2;4,3
2014-09-06;14,7;69,8;1,3;6,7
2014-09-07;15,8;76;1,7;5
2014-09-08;18,5;65;2,3;5,7
2014-09-09;17,8;88,5;1,3;7
2014-09-10;15,3;72,3;2,3;6,7
2014-09-11;15;93;2,3;7,3
2014-09-12;20,3;70;2;5
2014-09-13;20,2;69,3;2;5,3
2014-09-14;20,8;54,8;2,3;6
2014-09-15;16,8;70,3;1,7;6
2014-09-16;14,4;66;1,3;5,3
2014-09-17;13,6;72,8;2;5,7
2014-09-18;14,9;66;2,3;4
2014-09-19;16,3;64,8;2;5,3
2014-09-20;16,5;78,5;1;6,3
2014-09-21;15,3;90,5;1,7;7,3
2014-09-22;13,3;84,8;0,7;8
2014-09-23;10,2;78,5;1,7;8
2014-09-24;8,2;72,8;1;5,3
2014-09-25;11,5;74,3;1,3;5,3
2014-09-26;11,2;81,8;1;5,7
2014-09-27;13,1;75,5;1,7;5,7
2014-09-28;12,3;78,5;2;6
2014-09-29;13,3;79,8;1;4,7
2014-09-30;14,6;82;0,7;6,3
2015-09-01;28;42,5;1,3;3,3
2015-09-02;22,1;71,5;2,3;4,7
2015-09-03;16,9;76,8;1;5,3
2015-09-04;15,7;82;1;8
2015-09-05;17,9;59;2,7;5,7
2015-09-06;13,9;72,5;3,3;6
2015-09-07;11,5;92,5;2;4,7
2015-09-08;11,9;82,3;2;6,3
2015-09-09;14,4;94,8;1,7;6,3
2015-09-10;15,9;74;3;3
2015-09-11;15,4;76;2,3;6
2015-09-12;14,3;94,3;2;8
2015-09-13;15,1;83,5;2,3;8
2015-09-14;19,8;73,8;1,7;4,7
2015-09-15;19,8;73,8;1,7;6
2015-09-16;20,8;77,5;1;5
2015-09-17;24,2;61,8;2;5,3
2015-09-18;18,8;69,5;1,7;5
2015-09-19;17;69;1;5,3
2015-09-20;15,3;85,8;1,3;4,7
2015-09-21;11,4;83,8;2,3;5
2015-09-22;12,3;82,5;2;5,3
2015-09-23;16,9;71,8;1,3;5,7
2015-09-24;18,1;72,5;1;6,7
2015-09-25;16,7;76,3;1,3;6
2015-09-26;14,2;88,5;1,7;6,3
2015-09-27;12,6;68,8;1,3;6
2015-09-28;11,3;76,8;1,3;6
2015-09-29;10,3;79,5;1,3;5,7
2015-09-30;10,8;67,3;1;6
2016-09-01;19,4;40,3;1,7;5
2016-09-02;18,9;52,3;1,7;4,3
2016-09-03;18;65;2;6,7
2016-09-04;21,7;58,3;2;7
2016-09-05;18;88;1,7;8
2016-09-06;18,9;63,8;1,7;5,7
2016-09-07;18,9;60,8;1;4,3
2016-09-08;21,7;65;1;5,3
2016-09-09;22,4;56;1;4,3
2016-09-10;22,8;59;1,3;6
2016-09-11;22,1;75,3;1,3;6
2016-09-12;23,2;52;1,3;4
2016-09-13;22,6;60,5;1,3;4
2016-09-14;17,9;56,8;1;3
2016-09-15;21,4;60,8;1,3;3,7
2016-09-16;20,3;54,3;2,3;4,3
2016-09-17;18,6;60,5;1,3;3
2016-09-18;18;64;1,7;5
2016-09-19;15,1;48,8;1,3;3,7
2016-09-20;12,2;54,5;1;7
2016-09-21;10,6;76,5;1,3;6
2016-09-22;12,7;71;1,3;6,7
2016-09-23;12,4;77,3;2;7
2016-09-24;13,6;76;2;7
2016-09-25;14,5;68;1;6,3
2016-09-26;10,6;70,5;2,3;7,7
2016-09-27;8,4;80;1,3;6,7
2016-09-28;11,4;79,5;2;7
2016-09-29;18,4;65,5;3,3;5,7
2016-09-30;18,2;64,5;2,3;6
2017-09-01;18,5;90,8;2;8
2017-09-02;13,9;96,8;3,3;6
2017-09-03;13,3;95;1,3;8
2017-09-04;13,4;95;3,7;8
2017-09-05;15,3;95,3;2;8
2017-09-06;15,3;95,3;1;8
2017-09-07;13,4;94,5;4,7;8
2017-09-08;14,5;82,5;3;4,7
2017-09-09;17,5;69,8;3;2
2017-09-10;18,6;74,8;2,3;5,3
2017-09-11;18,4;91,8;1,7;6
2017-09-12;15,5;96;1,7;6,7
2017-09-13;15,1;73,3;3,7;1,7
2017-09-14;15,7;78,5;3,3;6,7
2017-09-15;12,7;77,3;3;6
2017-09-16;12,7;88;2,3;8
2017-09-17;13,1;96;1,3;8
2017-09-18;11,9;90,5;4;6,7
2017-09-19;11,7;84,8;1,7;2
2017-09-20;11,2;98;1,7;8
2017-09-21;11,2;97,3;2,7;8
2017-09-22;13,1;96,3;1,3;8
2017-09-23;14,8;95,8;2,7;6,3
2017-09-24;14,4;94,5;2;5,3
2017-09-25;13,5;88,5;4;5,3
2017-09-26;14,1;86,8;2,7;3
2017-09-27;13,1;74,5;4;1
2017-09-28;11,9;71,3;4;0,7
2017-09-29;9,6;71,3;3,7;2,7
2017-09-30;9,9;70;3,7;0
2013-10-01;7,2;78,5;1,7;7
2013-10-02;5,5;75,5;1,3;7,7
2013-10-03;4,9;79,8;1,3;7
2013-10-04;3,7;76;1,3;4
2013-10-05;7,5;57,8;3,3;5,7
2013-10-06;9,3;68,8;3;3,3
2013-10-07;11,4;87,5;1;8
2013-10-08;11,8;74;1;8
2013-10-09;11,1;79,8;1,3;5
2013-10-10;12,8;87;1,7;6,7
2013-10-11;11,8;86;2,3;4,3
2013-10-12;10,4;92,5;3,7;8
2013-10-13;12,7;86,5;2,3;6,7
2013-10-14;9,3;83,8;0,7;5,7
2013-10-15;8,2;89;0,3;7,3
2013-10-16;8;97;0,7;5,3
2013-10-17;6,6;95,3;1,7;8
2013-10-18;9,2;92,3;3;6,3
2013-10-19;4,2;74,5;1,7;8
2013-10-20;10,1;83,8;2;6,3
2013-10-21;13,8;90,3;2,7;7
2013-10-22;11,7;88,5;1,7;6
2013-10-23;14,5;85,5;2,3;6,7
2013-10-24;14,9;89,8;1,7;8
2013-10-25;10,6;89,3;1,3;7,3
2013-10-26;14,7;86,3;1,3;8
2013-10-27;16,2;77,3;2,3;6,7
2013-10-28;14,2;69;3;4
2013-10-29;14,8;62;3;7
2013-10-30;10,2;73,8;2,7;7
2013-10-31;7;82;1,7;6,3
2014-10-01;12,5;79,5;2,3;7,7
2014-10-02;13,2;54,8;2;4,3
2014-10-03;10,2;73,8;1,7;6
2014-10-04;8,6;72,8;1;5
2014-10-05;8,4;67,5;2,7;2,7
2014-10-06;7,8;74,5;1,3;3,7
2014-10-07;12,3;61,8;4;3
2014-10-08;13,5;75;1,7;6
2014-10-09;17,6;71,3;2;5,7
2014-10-10;16,8;75,8;0,3;4,7
2014-10-11;16;80,8;1;6,7
2014-10-12;15;87,3;1,3;7,3
2014-10-13;13,5;84,8;1;5,3
2014-10-14;16,2;82,3;2;6,3
2014-10-15;13,6;81,3;1,7;6,3
2014-10-16;12,1;93,8;1,3;8
2014-10-17;11,7;94,8;0;8
2014-10-18;9,2;86,8;1,7;8
2014-10-19;12;80,8;3,7;8
2014-10-20;15,1;78;2,3;6,7
2014-10-21;11,4;91,8;1,7;7,3
2014-10-22;11,4;85,5;3;7,7
2014-10-23;5,4;78,3;3;8
2014-10-24;0,3;66;2;1,7
2014-10-25;0,8;65,5;3,3;6
2014-10-26;2,8;80,8;0,7;6
2014-10-27;4;90,8;2;5
2014-10-28;4,4;73,3;1;5
2014-10-29;4,4;72,5;2;2
2014-10-30;4,7;81,3;1,3;5,7
2014-10-31;6,1;83,5;0;8
2015-10-01;9,2;67;1,3;5,3
2015-10-02;11,8;54,5;2,3;6
2015-10-03;12,5;59,3;1,3;4,7
2015-10-04;16,7;64,5;1;5,7
2015-10-05;14;62;1;4,7
2015-10-06;12,2;89,8;1,3;6,3
2015-10-07;8,7;68,5;5,3;5
2015-10-08;4,7;65,3;3;6
2015-10-09;1,4;68,5;2,3;6,3
2015-10-10;1,8;69;1,3;5,3
2015-10-11;3,8;72,8;2,3;6,3
2015-10-12;3,3;69,3;2;5,7
2015-10-13;4;94,8;2,7;6,7
2015-10-14;7,3;78,8;2,3;6
2015-10-15;8,2;51,5;4;6,7
2015-10-16;9,9;70;2,7;6
2015-10-17;9,8;94,5;1;8
2015-10-18;9,4;96;3;8
2015-10-19;8,3;88,8;1;8
2015-10-20;8,3;88,8;0,7;8
2015-10-21;7,9;90,3;1,3;8
2015-10-22;8,6;84,5;1,3;8
2015-10-23;9,9;85,8;3,3;7
2015-10-24;9,6;81,3;1,3;5,7
2015-10-25;6,9;91,5;2;7,7
2015-10-26;6,9;86;1,3;7,3
2015-10-27;3,9;87,8;0,7;7
2015-10-28;4,5;78,8;2;7,3
2015-10-29;6,2;80;2;6,7
2015-10-30;7,5;78,3;1;5,7
2015-10-31;6,4;82,5;2,7;6,3
2016-10-01;15;80,8;1,3;8
2016-10-02;16,6;76,3;1,7;7,3
2016-10-03;14,6;94,8;2;8
2016-10-04;10,8;65;4;8
2016-10-05;6,7;93,8;2,3;8
2016-10-06;6,3;92,8;1,3;8
2016-10-07;4,1;90,8;1;8
2016-10-08;6,7;93;1;8
2016-10-09;8,5;89,3;1;8
2016-10-10;7,5;93,5;1,3;8
2016-10-11;6,3;93,3;3,3;8
2016-10-12;6,6;95;3,7;8
2016-10-13;6,2;82,3;3;6,7
2016-10-14;4,6;79;3,3;3,7
2016-10-15;6;53,8;4,7;8
2016-10-16;5,3;79,8;5,3;7
2016-10-17;6,8;64,8;4,3;5,3
2016-10-18;6,8;64,8;3,3;5,3
2016-10-19;8,2;87,3;2,3;6,7
2016-10-20;8,2;90,5;4;7,7
2016-10-21;6,6;94,5;3,3;8
2016-10-22;6,2;96,3;2;8
2016-10-23;6,3;94;3;7,7
2016-10-24;9,1;91,3;2,7;7,7
2016-10-25;10,7;93,3;1,7;8
2016-10-26;6,2;90,8;1,7;6,3
2016-10-27;6,4;77,8;1,3;6,7
2016-10-28;7;80,5;3,7;8
2016-10-29;8,4;91;3,7;7,7
2016-10-30;5,6;93,3;2,7;7
2016-10-31;6;86,3;2,7;6,7
2017-10-01;8,9;75,5;3,7;0
2017-10-02;9,9;73,5;3;2
2017-10-03;11,2;95,8;2,3;8
2017-10-04;11,4;79,8;4,3;4,7
2017-10-05;9,3;94;3,7;7,7
2017-10-06;9,4;88;3,3;5
2017-10-07;9,3;90,5;3;7
2017-10-08;9,1;92,5;3;6
2017-10-09;8,1;78,8;5;5
2017-10-10;7,9;86,8;3;6
2017-10-11;11,5;94;3,7;7,3
2017-10-12;14,1;81,3;3,7;6,3
2017-10-13;11;75;4,3;5,3
2017-10-14;11,8;90;3,7;6,3
2017-10-15;15,4;89,3;3;5,3
2017-10-16;14,4;85,5;2,7;0
2017-10-17;15,3;82,5;2;1
2017-10-18;14,4;90,8;1;2,7
2017-10-19;11,4;91;2;4
2017-10-20;11,6;90;1;6,3
2017-10-21;11,8;96,3;1,7;7,7
2017-10-22;10;93,3;3,3;8
2017-10-23;7,6;97,8;2;8
2017-10-24;6,8;82,5;2,3;8
2017-10-25;7,3;91;3,3;8
2017-10-26;10,8;82;4;7,3
2017-10-27;10,2;87,8;3;6,7
2017-10-28;7,4;91,5;5;7,7
2017-10-29;6,3;89;5;6,7
2017-10-30;4,7;64,3;5;6,3
2017-10-31;4,3;68,5;3,7;4
2013-11-01;7;78,5;1,3;6
2013-11-02;9,1;83,5;2,3;7,7
2013-11-03;12,5;87,5;1,7;7,7
2013-11-04;8;84,5;3;4,7
2013-11-05;9,9;72,3;2;7,3
2013-11-06;6,9;89,3;2;7,7
2013-11-07;8,6;94;2,3;8
2013-11-08;8,9;96;1,3;8
2013-11-09;10,7;88,3;2,7;7,7
2013-11-10;7,4;89,8;2;6
2013-11-11;5,4;87,3;1,3;6,3
2013-11-12;5,3;83,8;2,3;7
2013-11-13;4,6;88,5;2,3;8
2013-11-14;3;98,8;1;8
2013-11-15;2,5;89;1,3;8
2013-11-16;3,5;89,5;3,7;8
2013-11-17;4,1;97,3;2,3;8
2013-11-18;5,4;89,8;4,3;8
2013-11-19;5,8;84,3;1,7;7
2013-11-20;5,8;89,5;1,7;8
2013-11-21;6,7;97;1,3;8
2013-11-22;7;99,8;1,7;8
2013-11-23;8,7;97,8;0,3;8
2013-11-24;6,3;98;1;8
2013-11-25;1,4;77,3;3,3;4,3
2013-11-26;0;85,3;1,3;5,7
2013-11-27;-2,1;91,3;3;7,3
2013-11-28;3,5;91,3;4;7
2013-11-29;3,2;86,5;3,7;6
2013-11-30;2,9;96;2,3;8
2014-11-01;4,8;85,3;1,3;6,7
2014-11-02;6,8;78;2,7;5,7
2014-11-03;8,9;78;3;5
2014-11-04;9;73,8;3;5
2014-11-05;12,5;63,5;2,3;5,3
2014-11-06;14,6;64,8;2,3;5,3
2014-11-07;12,3;94;2;4
2014-11-08;8,7;95;0,7;8
2014-11-09;8,8;90;2;8
2014-11-10;10,4;95,3;2;7,3
2014-11-11;10,6;90,8;1,3;8
2014-11-12;8,5;89,3;2,3;7
2014-11-13;8,6;84;2,7;8
2014-11-14;7,8;87,3;2,3;8
2014-11-15;5,4;91,5;4,7;8
2014-11-16;4,6;86,5;6;8
2014-11-17;5,1;84,8;2,7;8
2014-11-18;3,3;87,3;5;8
2014-11-19;1,6;94,3;4;8
2014-11-20;1,1;92,8;0,7;8
2014-11-21;1,7;94;0,3;8
2014-11-22;2,9;91,5;1,3;8
2014-11-23;2;90,5;1,7;4
2014-11-24;1,4;85;2,3;5
2014-11-25;2,4;95;2,3;8
2014-11-26;2,7;93,5;1,3;8
2014-11-27;0;88,3;3;8
2014-11-28;-3,3;85;3,7;8
2014-11-29;-4,7;87,3;3,3;7,7
2014-11-30;-7,4;83,3;2;8
2015-11-01;7,3;68;1,7;7,3
2015-11-02;7,8;58,3;2,3;7,3
2015-11-03;3,3;88,3;1,3;7
2015-11-04;2,9;85,3;1,7;7
2015-11-05;3,4;82,8;2;7
2015-11-06;2;84,8;1,7;6,3
2015-11-07;4,7;90,8;1,3;7,3
2015-11-08;13,3;78,8;3;7
2015-11-09;9,5;93;2,3;7,3
2015-11-10;12;89;4,3;7
2015-11-11;14,4;89,5;3,3;7,3
2015-11-12;11,7;77,8;3,7;7
2015-11-13;8,1;91,8;1,7;6,7
2015-11-14;7,9;73,8;2,3;7
2015-11-15;6;86,3;1,7;7,3
2015-11-16;5,9;86,5;2;7,7
2015-11-17;8,8;93,3;2;8
2015-11-18;11;87,3;5;8
2015-11-19;9,7;80;5;8
2015-11-20;8,5;81,3;3,7;6
2015-11-21;5,4;90,8;1,7;8
2015-11-22;3,6;90,5;1,3;8
2015-11-23;0,9;61,8;1,7;7,3
2015-11-24;-0,3;83,5;1,3;8
2015-11-25;-0,3;79;2,3;2
2015-11-26;-1,9;89,5;1;7,7
2015-11-27;-2,6;95,5;0,7;7,3
2015-11-28;-0,7;93,5;1,3;8
2015-11-29;2,9;81,3;2,7;7,3
2015-11-30;5,5;77,5;4,3;7,3
2016-11-01;5,8;96;2,3;8
2016-11-02;6,3;80,8;5;7,7
2016-11-03;4;83;3,7;7,7
2016-11-04;4,7;74,5;2,3;7
2016-11-05;4,6;72,3;3,3;7
2016-11-06;6,4;91,8;2;8
2016-11-07;4,7;89,5;2;8
2016-11-08;0,8;86,3;2;8
2016-11-09;0,2;96,5;1,7;8
2016-11-10;1,2;78,5;2;6,7
2016-11-11;0;93;2;8
2016-11-12;-2,6;92,5;1,7;8
2016-11-13;-0,2;91;1,7;8
2016-11-14;2,4;81,8;2,3;6,3
2016-11-15;1,1;74,8;2,7;7
2016-11-16;3,4;93,5;2,7;8
2016-11-17;5,3;96,5;2;8
2016-11-18;7,6;81,5;3;7,7
2016-11-19;9,1;86,5;2,3;8
2016-11-20;8,4;83,8;3;7
2016-11-21;9,2;74,5;3,7;6
2016-11-22;5,6;80,8;4,7;5
2016-11-23;5,2;80,8;2,7;6,3
2016-11-24;4;92;1;7
2016-11-25;1;97,5;1,7;7,7
2016-11-26;2;83,3;3,7;7
2016-11-27;2,2;92,5;3,3;8
2016-11-28;-0,9;78;3;7,7
2016-11-29;-0,4;84,5;3,7;8
2016-11-30;0,3;80;3,7;8
2017-11-01;6,6;91,5;4,7;8
2017-11-02;9;92,8;4,3;8
2017-11-03;9;88,8;2;6,3
2017-11-04;9;79,3;2,7;4,3
2017-11-05;8;76,8;2,7;3,3
2017-11-06;9,7;77,5;1,3;6,3
2017-11-07;8,3;89,8;2,3;8
2017-11-08;6,3;81,3;4;8
2017-11-09;6,6;87;2,7;8
2017-11-10;7,2;85,3;3,3;8
2017-11-11;4,6;85;3,3;5
2017-11-12;3,3;84,3;2,7;4,7
2017-11-13;2,6;94,8;2,3;8
2017-11-14;3,6;80,5;2,7;7
2017-11-15;6,3;82;3,3;7,7
2017-11-16;6;90,5;1,3;7,7
2017-11-17;4,9;83,5;1,3;7,7
2017-11-18;3,5;84,8;3,3;7,3
2017-11-19;4,1;86;2,7;7,3
2017-11-20;2;85,3;3;6,7
2017-11-21;0,3;92,8;1,7;7,3
2017-11-22;1,9;94,8;3;7,3
2017-11-23;5,7;91,3;2,7;2
2017-11-24;6,6;84,3;2;3
2017-11-25;8,2;85,5;3;7
2017-11-26;5,1;76,8;2,3;7,7
2017-11-27;1,8;85,5;2,7;4,3
2017-11-28;2,1;70,5;3,7;7,7
2017-11-29;2,2;87;1,7;8
2017-11-30;0,5;97;2;8
2013-12-01;4,3;89,8;5;8
2013-12-02;2,8;71,5;1;7
2013-12-03;0,4;80,8;3;7
2013-12-04;0;86;3,7;7,7
2013-12-05;2,2;87,3;5,3;8
2013-12-06;1,2;80;7;8
2013-12-07;0,1;81,5;4,3;6,7
2013-12-08;-2,9;85,8;3;7,3
2013-12-09;1,7;87,8;2;8
2013-12-10;-2,5;84;1;6
2013-12-11;2,3;96,5;2,3;8
2013-12-12;2,9;90,8;3;8
2013-12-13;1,2;97,5;1;8
2013-12-14;2,5;95,3;2;8
2013-12-15;2;97,3;2,3;8
2013-12-16;4,2;94;1,7;6,7
2013-12-17;2,4;78,5;1,7;6,3
2013-12-18;1,3;85,5;1,3;7,3
2013-12-19;-0,9;91,3;1,3;4
2013-12-20;0,7;85,3;0,3;7,3
2013-12-21;3,5;76,8;2,3;6
2013-12-22;4,7;82;1,3;6
2013-12-23;6,2;79;2,7;5,3
2013-12-24;5,1;78,3;3,3;1,3
2013-12-25;7,1;65,8;3,7;3,3
2013-12-26;7,6;66,8;3;6
2013-12-27;7,5;75,8;1,3;6,3
2013-12-28;6,2;82,5;3;3
2013-12-29;6,2;85;2;6
2013-12-30;4,7;84;1,7;5
2013-12-31;-0,4;95,8;3;6
2014-12-01;-4,3;76;4,7;8
2014-12-02;-4,6;73,3;4;5,3
2014-12-03;-2,1;75,5;1,7;8
2014-12-04;-0,3;80,5;1;8
2014-12-05;-1,6;94,8;4,7;8
2014-12-06;-0,4;96,5;0,7;8
2014-12-07;1,3;95,5;1;8
2014-12-08;2,3;90,8;1;8
2014-12-09;0;93;1;6,3
2014-12-10;-2,2;94,8;2;8
2014-12-11;0,8;87,8;2;8
2014-12-12;3,7;78;4;7,3
2014-12-13;7,2;64,5;4;8
2014-12-14;4,1;88,3;1;8
2014-12-15;4,8;92,3;1,7;8
2014-12-16;5;91;1,3;6,7
2014-12-17;3,2;86,8;1,7;7
2014-12-18;3,5;90,5;1,3;8
2014-12-19;9,3;92,8;4,3;8
2014-12-20;6,4;71;4;7,7
2014-12-21;4,2;83,8;2,7;8
2014-12-22;5,7;94;4,3;8
2014-12-23;7,8;93,5;5;8
2014-12-24;7,3;89,5;4;8
2014-12-25;3,9;88,3;4;8
2014-12-26;-4,3;74;2,3;6,7
2014-12-27;-7,7;86,8;0,7;8
2014-12-28;-7,9;87,3;1,3;7,7
2014-12-29;-6,5;84,5;1,7;6,7
2014-12-30;-9,2;78,5;1;4,3
2014-12-31;-4,2;68;2,3;7,3
2015-12-01;2,5;90,8;3;8
2015-12-02;3,1;91,3;1,7;8
2015-12-03;6,8;91,3;2;8
2015-12-04;7,4;75;2,7;7,3
2015-12-05;6,9;75,5;4,3;7
2015-12-06;8,4;69,5;5,3;6,3
2015-12-07;8,4;81,5;2,3;7
2015-12-08;2,5;99,5;2;8
2015-12-09;3,4;96;1,3;8
2015-12-10;4,5;82,3;2,3;8
2015-12-11;2,3;72,3;2,3;7,7
2015-12-12;4,7;86,3;4,7;8
2015-12-13;4,5;86,3;3;8
2015-12-14;1,3;79;1,3;7
2015-12-15;0,3;84,3;2;8
2015-12-16;1,2;92;2;8
2015-12-17;4,3;92,3;2;8
2015-12-18;8,7;95;2,3;8
2015-12-19;9,5;91,5;3,3;7
2015-12-20;7,5;83,5;2;7,3
2015-12-21;5,1;88,8;1,7;7,7
2015-12-22;8,4;63,8;4,3;7
2015-12-23;11,5;70,8;3,3;4,7
2015-12-24;6,7;83,5;1;3,3
2015-12-25;6,3;82,5;2,3;5,7
2015-12-26;10;72;5;6,3
2015-12-27;8,7;82,8;1,7;5,7
2015-12-28;8;77,3;2,7;6,3
2015-12-29;0,7;68,3;1,3;5,7
2015-12-30;-3,1;66,3;3,3;8
2015-12-31;-4,5;60;3,3;5,7
2016-12-01;1,4;95,3;2,3;8
2016-12-02;0,7;94,5;1,7;8
2016-12-03;0,5;86,8;4;7,3
2016-12-04;0,5;91,8;2,7;8
2016-12-05;-0,3;89,5;3,7;7,3
2016-12-06;0,8;94,8;2;7,7
2016-12-07;-1,5;89;1,7;7
2016-12-08;4,5;91,3;6,3;8
2016-12-09;7,2;94,3;4,3;8
2016-12-10;8,4;96,8;5;8
2016-12-11;7,7;92;2;8
2016-12-12;-0,2;89,3;2,7;6,3
2016-12-13;-4,2;82,8;1,7;6
2016-12-14;0,8;94,3;2;8
2016-12-15;1;95;1;8
2016-12-16;-2,4;88;1,7;6,3
2016-12-17;-2,4;87,5;2;8
2016-12-18;-1,2;89;1,7;7
2016-12-19;0,8;92,5;2,3;8
2016-12-20;1,9;91,5;1,3;8
2016-12-21;0,8;93,5;2,3;7,7
2016-12-22;-1,3;90,3;1,7;5,7
2016-12-23;0,2;90,5;3,3;8
2016-12-24;1,4;93;3;7
2016-12-25;3,4;94,8;2,7;5,3
2016-12-26;7,7;92;4,7;8
2016-12-27;4,7;85,8;6,7;8
2016-12-28;2;91,5;3,3;5,3
2016-12-29;-0,2;87,8;1,3;5,3
2016-12-30;1;89,8;3;6
2016-12-31;0,2;84,5;3,3;7,3
2017-12-01;0,8;95;4;8
2017-12-02;1,6;92;1,7;7,7
2017-12-03;0,9;91,8;1,3;7,3
2017-12-04;0,3;89,3;3,7;8
2017-12-05;2,6;89,3;3,3;8
2017-12-06;5,4;93,8;4,7;8
2017-12-07;4,1;85,8;3,7;5,3
2017-12-08;4,1;74;3,3;7,7
2017-12-09;1,4;78,3;2;4,7
2017-12-10;0,8;76,8;3,7;6,3
2017-12-11;3,3;71,8;4;6,7
2017-12-12;6,7;69,5;4,3;4
2017-12-13;2;68,8;2,7;5,7
2017-12-14;1,8;79,3;4,3;6,7
2017-12-15;2,4;81;2,7;6,7
2017-12-16;1,4;91,5;2;7,3
2017-12-17;1,4;88,5;1,3;5,3
2017-12-18;-1;96,8;1;8
2017-12-19;-2,3;86,3;2,3;7,7
2017-12-20;-0,9;95,5;2,3;7,7
2017-12-21;0,1;96,5;3,7;8
2017-12-22;3,6;87;3,3;6,3
2017-12-23;3,6;95,8;4,3;8
2017-12-24;8;86;6;7
2017-12-25;8,3;82,8;4,7;8
2017-12-26;4,1;80,8;3;1
2017-12-27;3,1;85,3;2,7;3,3
2017-12-28;7,3;71,5;4,3;7,7
2017-12-29;3,4;90,8;2,3;7,3
2017-12-30;0,2;82,3;3,3;0,3
2017-12-31;3,2;89,5;3;7,3
